{"cameraMode":{"drawMode":0,"name":"Shaded","section":"Shading Mode"},"sceneLighting":true,"audioPlay":false,"sceneViewState":{"m_AlwaysRefresh":false,"showFog":true,"showSkybox":true,"showFlares":true,"showImageEffects":true,"showParticleSystems":true,"showVisualEffectGraphs":true,"m_FxEnabled":true},"in2DMode":false,"pivot":{"x":1356.0184326171875,"y":700.5181274414063,"z":-160.3268585205078},"rotation":{"x":0.1405925154685974,"y":-0.05788085609674454,"z":0.008276457898318768,"w":0.9883168339729309},"size":43.77918243408203,"orthographic":false}